<rss xmlns:dc="http://purl.org/dc/elements/1.1/" xmlns:content="http://purl.org/rss/1.0/modules/content/" xmlns:atom="http://www.w3.org/2005/Atom" xmlns:media="http://search.yahoo.com/mrss/" version="2.0">
<channel>
<title>
<![CDATA[ Últimas Noticias (@unoticias) / Twitter ]]>
</title>
<description>
<![CDATA[ Últimas Noticias (@unoticias) / Twitter ]]>
</description>
<link>https://twitter.com/unoticias?lang=es</link>
<image>
<url>https://abs.twimg.com/favicons/favicon.ico</url>
<title>Últimas Noticias (@unoticias) / Twitter</title>
<link>https://twitter.com/unoticias?lang=es</link>
</image>
<generator>https://rss.app</generator>
<lastBuildDate>Wed, 05 May 2021 15:32:23 GMT</lastBuildDate>
<atom:link href="https://rss.app/feeds/YFld0YfI8xMMC2Js.xml" rel="self" type="application/rss+xml"/>
<language>
<![CDATA[ en ]]>
</language>

<item>
<title>
<![CDATA[ @UNoticias: Capaya Rodríguez se reunió con Imam Edy Mulyono, embajador indonesio ]]>
</title>
<description>
<![CDATA[ <blockquote class="twitter-tweet" data-width="550"><p lang="es" dir="ltr">Capaya Rodríguez se reunió con Imam Edy Mulyono, embajador indonesio <a href="https://t.co/vz6AgogXkm">https://t.co/vz6AgogXkm</a></p>— Últimas Noticias (@UNoticias) <a href="https://twitter.com/UNoticias/status/1389963826725015555?ref_src=twsrc%5Etfw">May 5, 2021</a></blockquote> <script async src="https://platform.twitter.com/widgets.js" charset="utf-8"></script> ]]>
</description>
<link>https://twitter.com/UNoticias/status/1389963826725015555</link>
<guid isPermaLink="false">2561043c07ecd5f8abd88e4ff12718f6</guid>
<dc:creator>
<![CDATA[ @UNoticias ]]>
</dc:creator>
<pubDate>Wed, 05 May 2021 15:22:55 GMT</pubDate>
</item>
</channel>
</rss>